CREATE TABLE Administration(
   ADM_NAME     VARCHAR(20) 
  ,ADM_POS      VARCHAR(30)
  ,ADM_SALARY   VARCHAR(100)
  ,ADM_WHOURS   VARCHAR(20)
  ,ADM_ID       VARCHAR(7) NOT NULL PRIMARY KEY
  ,ADM_GENDER   CHAR(1) 
  ,ADM_ADDRESS  VARCHAR(100)
  ,ADM_AGE      INTEGER 
  ,ADM_VACATION VARCHAR(10)
  ,ADM_RETIRE   DATE 
  ,ADM_BENEFIT  VARCHAR(100)
);
INSERT INTO Administration(ADM_NAME,ADM_POS,ADM_SALARY,ADM_WHOURS,ADM_ID,ADM_GENDER,ADM_ADDRESS,ADM_AGE,ADM_VACATION,ADM_RETIRE,ADM_BENEFIT) VALUES ('Chatchai','Head','120000','05.00-16.00','101001','M','ฺBangkok',55,'15','09-30-2027','None');
INSERT INTO Administration(ADM_NAME,ADM_POS,ADM_SALARY,ADM_WHOURS,ADM_ID,ADM_GENDER,ADM_ADDRESS,ADM_AGE,ADM_VACATION,ADM_RETIRE,ADM_BENEFIT) VALUES ('Yongyut','Vice','150000','07.00-19.00','101002','M','ฺBangkok',45,'15','09-30-2044','None');
INSERT INTO Administration(ADM_NAME,ADM_POS,ADM_SALARY,ADM_WHOURS,ADM_ID,ADM_GENDER,ADM_ADDRESS,ADM_AGE,ADM_VACATION,ADM_RETIRE,ADM_BENEFIT) VALUES ('Pranalee','Vice','110000','05.00-16.00','101003','F','ฺBangkok',37,'15','09-30-2040','End Year Bonus');
INSERT INTO Administration(ADM_NAME,ADM_POS,ADM_SALARY,ADM_WHOURS,ADM_ID,ADM_GENDER,ADM_ADDRESS,ADM_AGE,ADM_VACATION,ADM_RETIRE,ADM_BENEFIT) VALUES ('Napasorn','Vice','90000','06.00-17.00','101004','M','ฺBangkok',48,'15','09-30-2031','Monthly Bonus');
INSERT INTO Administration(ADM_NAME,ADM_POS,ADM_SALARY,ADM_WHOURS,ADM_ID,ADM_GENDER,ADM_ADDRESS,ADM_AGE,ADM_VACATION,ADM_RETIRE,ADM_BENEFIT) VALUES ('Sommai','Vice','95000','06.00-17.00','101005','M','ฺBangkok',60,'15','09-30-2055','Monthly Bonus');
INSERT INTO Administration(ADM_NAME,ADM_POS,ADM_SALARY,ADM_WHOURS,ADM_ID,ADM_GENDER,ADM_ADDRESS,ADM_AGE,ADM_VACATION,ADM_RETIRE,ADM_BENEFIT) VALUES ('Srinuan','Secretary','100000','05.00-16.00','101006','F','ฺBangkok',35,'15','09-30-2053','Monthly Bonus');
INSERT INTO Administration(ADM_NAME,ADM_POS,ADM_SALARY,ADM_WHOURS,ADM_ID,ADM_GENDER,ADM_ADDRESS,ADM_AGE,ADM_VACATION,ADM_RETIRE,ADM_BENEFIT) VALUES ('Suda','Secretary','98000','07.00-19.00','101007','F','ฺBangkok',39,'15','09-30-2048','End Year Bonus');
INSERT INTO Administration(ADM_NAME,ADM_POS,ADM_SALARY,ADM_WHOURS,ADM_ID,ADM_GENDER,ADM_ADDRESS,ADM_AGE,ADM_VACATION,ADM_RETIRE,ADM_BENEFIT) VALUES ('Prasert','Secretary','88000','05.00-16.00','101008','M','ฺBangkok',44,'15','09-30-2049','End Year Bonus');
INSERT INTO Administration(ADM_NAME,ADM_POS,ADM_SALARY,ADM_WHOURS,ADM_ID,ADM_GENDER,ADM_ADDRESS,ADM_AGE,ADM_VACATION,ADM_RETIRE,ADM_BENEFIT) VALUES ('Kongkaid','Secretary','140000','05.00-16.00','101009','F','ฺBangkok',55,'15','09-30-2047','Monthly Bonus');
INSERT INTO Administration(ADM_NAME,ADM_POS,ADM_SALARY,ADM_WHOURS,ADM_ID,ADM_GENDER,ADM_ADDRESS,ADM_AGE,ADM_VACATION,ADM_RETIRE,ADM_BENEFIT) VALUES ('Palida','Secretary','120000','07.00-19.00','101010','M','ฺBangkok',43,'15','09-30-2028','None');

CREATE TABLE Doctor(
   DOC_SPEC  VARCHAR(100)
  ,DOC_BENEFIT  VARCHAR(200) 
  ,DOC_SALARY   INT  
  ,DOC_AGE      INT  
  ,DOC_NAME     VARCHAR(30) 
  ,DOC_WHOURS   VARCHAR(20) 
  ,DOC_GENDER   CHAR(1) 
  ,DOC_ID       VARCHAR(7)   
  ,DOC_VACATION VARCHAR(10)  
  ,DOC_RETIRE   DATE   
  ,DOC_ADDRESS  VARCHAR(20)  
  ,PRIMARY KEY (DOC_NAME,DOC_ID)
);
INSERT INTO Doctor(DOC_SPEC,DOC_BENEFIT,DOC_SALARY,DOC_AGE,DOC_NAME,DOC_WHOURS,DOC_GENDER,DOC_ID,DOC_VACATION,DOC_RETIRE,DOC_ADDRESS) VALUES ('High Blood Pressure','T',80000,56,'Siriwat Wanthong','06.00-17.00','M','101','15','09-30-2027','Bangkok');
INSERT INTO Doctor(DOC_SPEC,DOC_BENEFIT,DOC_SALARY,DOC_AGE,DOC_NAME,DOC_WHOURS,DOC_GENDER,DOC_ID,DOC_VACATION,DOC_RETIRE,DOC_ADDRESS) VALUES ('High Blood Pressure','F',70000,39,'Methar Poocharoenchai','06.00-17.00','M','102','15','09-30-2044','Nontaburi');
INSERT INTO Doctor(DOC_SPEC,DOC_BENEFIT,DOC_SALARY,DOC_AGE,DOC_NAME,DOC_WHOURS,DOC_GENDER,DOC_ID,DOC_VACATION,DOC_RETIRE,DOC_ADDRESS) VALUES ('High Blood Pressure','T',75000,43,'Kawee Charoenlarb','06.00-17.00','M','103','15','09-30-2040','Bangkok');
INSERT INTO Doctor(DOC_SPEC,DOC_BENEFIT,DOC_SALARY,DOC_AGE,DOC_NAME,DOC_WHOURS,DOC_GENDER,DOC_ID,DOC_VACATION,DOC_RETIRE,DOC_ADDRESS) VALUES ('Allergy','F',85000,52,'Pongsakorn Tantipikorn','06.00-17.00','M','104','15','09-30-2031','Patumtani');
INSERT INTO Doctor(DOC_SPEC,DOC_BENEFIT,DOC_SALARY,DOC_AGE,DOC_NAME,DOC_WHOURS,DOC_GENDER,DOC_ID,DOC_VACATION,DOC_RETIRE,DOC_ADDRESS) VALUES ('Allergy','F',60000,28,'Ananta Petawanich','07.00-19.00','F','105','15','09-30-2055','Bangkok');
INSERT INTO Doctor(DOC_SPEC,DOC_BENEFIT,DOC_SALARY,DOC_AGE,DOC_NAME,DOC_WHOURS,DOC_GENDER,DOC_ID,DOC_VACATION,DOC_RETIRE,DOC_ADDRESS) VALUES ('Allergy','T',62000,30,'Witch Banhiran','07.00-19.00','M','106','15','09-30-2053','Bangkok');
INSERT INTO Doctor(DOC_SPEC,DOC_BENEFIT,DOC_SALARY,DOC_AGE,DOC_NAME,DOC_WHOURS,DOC_GENDER,DOC_ID,DOC_VACATION,DOC_RETIRE,DOC_ADDRESS) VALUES ('Glaucoma','T',65000,35,'Ngamkae Ruaengworawej','05.00-16.00','F','107','15','09-30-2048','Nakornpatom');
INSERT INTO Doctor(DOC_SPEC,DOC_BENEFIT,DOC_SALARY,DOC_AGE,DOC_NAME,DOC_WHOURS,DOC_GENDER,DOC_ID,DOC_VACATION,DOC_RETIRE,DOC_ADDRESS) VALUES ('Chronic Musculoskeletal Pain','F',60000,34,'Chakarn Pongaksorn','07.00-19.00','M','108','15','09-30-2049','Nontaburi');
INSERT INTO Doctor(DOC_SPEC,DOC_BENEFIT,DOC_SALARY,DOC_AGE,DOC_NAME,DOC_WHOURS,DOC_GENDER,DOC_ID,DOC_VACATION,DOC_RETIRE,DOC_ADDRESS) VALUES ('Thyroid','T',55000,36,'Adul Rattanawijitsilp','05.00-16.00','M','109','15','09-30-2047','Bangkok');
INSERT INTO Doctor(DOC_SPEC,DOC_BENEFIT,DOC_SALARY,DOC_AGE,DOC_NAME,DOC_WHOURS,DOC_GENDER,DOC_ID,DOC_VACATION,DOC_RETIRE,DOC_ADDRESS) VALUES ('Heart Disease','T',72000,55,'Kritwikrom Durongpisitkul','06.00-17.00','M','110','15','09-30-2028','Patumtani');
INSERT INTO Doctor(DOC_SPEC,DOC_BENEFIT,DOC_SALARY,DOC_AGE,DOC_NAME,DOC_WHOURS,DOC_GENDER,DOC_ID,DOC_VACATION,DOC_RETIRE,DOC_ADDRESS) VALUES ('Heart Disease','F',80000,47,'Jarupim Suungsawang','06.00-17.00','F','111','15','09-30-2036','Bangkok');
INSERT INTO Doctor(DOC_SPEC,DOC_BENEFIT,DOC_SALARY,DOC_AGE,DOC_NAME,DOC_WHOURS,DOC_GENDER,DOC_ID,DOC_VACATION,DOC_RETIRE,DOC_ADDRESS) VALUES ('Gastrointestinal Tract Disease','F',70000,45,'Prapan Arnprueang','05.00-16.00','M','112','15','09-30-2038','Bangkok');
INSERT INTO Doctor(DOC_SPEC,DOC_BENEFIT,DOC_SALARY,DOC_AGE,DOC_NAME,DOC_WHOURS,DOC_GENDER,DOC_ID,DOC_VACATION,DOC_RETIRE,DOC_ADDRESS) VALUES ('Children Psychiatry','T',68000,43,'Jariya Taraksa','07.00-19.00','F','113','15','09-30-2040','Nakornpatom');
INSERT INTO Doctor(DOC_SPEC,DOC_BENEFIT,DOC_SALARY,DOC_AGE,DOC_NAME,DOC_WHOURS,DOC_GENDER,DOC_ID,DOC_VACATION,DOC_RETIRE,DOC_ADDRESS) VALUES ('Children Psychiatry','T',65000,32,'Sasithorn Chanthin','05.00-16.00','M','114','15','09-30-2049','Nakornpatom');
INSERT INTO Doctor(DOC_SPEC,DOC_BENEFIT,DOC_SALARY,DOC_AGE,DOC_NAME,DOC_WHOURS,DOC_GENDER,DOC_ID,DOC_VACATION,DOC_RETIRE,DOC_ADDRESS) VALUES ('Nephropathy','T',60000,25,'Atchara Sarmbunna','06.00-17.00','F','115','15','09-30-2056','Bangkok');
INSERT INTO Doctor(DOC_SPEC,DOC_BENEFIT,DOC_SALARY,DOC_AGE,DOC_NAME,DOC_WHOURS,DOC_GENDER,DOC_ID,DOC_VACATION,DOC_RETIRE,DOC_ADDRESS) VALUES ('Neurosurgery','F',50000,26,'Akkapong Nitisingh','06.00-17.00','M','116','15','09-30-2055','Patumtani');
INSERT INTO Doctor(DOC_SPEC,DOC_BENEFIT,DOC_SALARY,DOC_AGE,DOC_NAME,DOC_WHOURS,DOC_GENDER,DOC_ID,DOC_VACATION,DOC_RETIRE,DOC_ADDRESS) VALUES ('Neurosurgery','T',50000,29,'Theerapol Wittiwech','07.00-19.00','M','117','15','09-30-2052','Nontaburi');
INSERT INTO Doctor(DOC_SPEC,DOC_BENEFIT,DOC_SALARY,DOC_AGE,DOC_NAME,DOC_WHOURS,DOC_GENDER,DOC_ID,DOC_VACATION,DOC_RETIRE,DOC_ADDRESS) VALUES ('Orthopaedic Surgery','T',52000,31,'Gongket Liansuwan','06.00-17.00','M','118','15','09-30-2050','Bangkok');
INSERT INTO Doctor(DOC_SPEC,DOC_BENEFIT,DOC_SALARY,DOC_AGE,DOC_NAME,DOC_WHOURS,DOC_GENDER,DOC_ID,DOC_VACATION,DOC_RETIRE,DOC_ADDRESS) VALUES ('Orthopaedic Surgery','F',55000,35,'Pacharapol Udomkiat','05.00-16.00','M','119','15','09-30-2054','Bangkok');


CREATE TABLE Useage(
   MED_ID   VARCHAR(7)
  ,PAT_NAME VARCHAR(20)
);
INSERT INTO Useage(MED_ID,PAT_NAME) VALUES ('200101','Patawee');
INSERT INTO Useage(MED_ID,PAT_NAME) VALUES ('200102','Somsri');
INSERT INTO Useage(MED_ID,PAT_NAME) VALUES ('200103','Somsuk');
INSERT INTO Useage(MED_ID,PAT_NAME) VALUES ('200104','Srisupa');
INSERT INTO Useage(MED_ID,PAT_NAME) VALUES ('200105','Chatchai');
INSERT INTO Useage(MED_ID,PAT_NAME) VALUES ('200106','Napasorn');
INSERT INTO Useage(MED_ID,PAT_NAME) VALUES ('200107','Srinuan');
INSERT INTO Useage(MED_ID,PAT_NAME) VALUES ('200108','Kongkaid');
INSERT INTO Useage(MED_ID,PAT_NAME) VALUES ('200109','Roungdow');
INSERT INTO Useage(MED_ID,PAT_NAME) VALUES ('200110','Nusdee');
INSERT INTO Useage(MED_ID,PAT_NAME) VALUES ('200111','Manut');
INSERT INTO Useage(MED_ID,PAT_NAME) VALUES ('200112','Sornya');

CREATE TABLE Support(
   SUP_NAME       VARCHAR(20)
  ,SUP_ID         VARCHAR(7) PRIMARY KEY
  ,SUP_GENDER     CHAR(1)
  ,SUP_SALARY     INT 
  ,SUP_WHOURS     VARCHAR(20)
  ,SUP_DEPARTMENT VARCHAR(100)
  ,SUP_ADDRESS    VARCHAR(20)
  ,SUP_AGE        INT 
  ,SUP_BENEFIT    VARCHAR(100)
  ,SUP_VACATION   VARCHAR(10)
  ,SUP_RETIRE     DATE 
  ,ADM_ID         VARCHAR(7)
);
INSERT INTO Support(SUP_NAME,SUP_ID,SUP_GENDER,SUP_SALARY,SUP_WHOURS,SUP_DEPARTMENT,SUP_ADDRESS,SUP_AGE,SUP_BENEFIT,SUP_VACATION,SUP_RETIRE,ADM_ID) VALUES ('Thanakrit','700501','M',20000,'8.00 - 16.00',NULL,'Bangkok',45,'None','15','09-30-2033','101001');
INSERT INTO Support(SUP_NAME,SUP_ID,SUP_GENDER,SUP_SALARY,SUP_WHOURS,SUP_DEPARTMENT,SUP_ADDRESS,SUP_AGE,SUP_BENEFIT,SUP_VACATION,SUP_RETIRE,ADM_ID) VALUES ('Patawee','700502','M',25000,'8.00 - 16.00',NULL,'Bangkok',41,'None','15','09-30-2037','101002');
INSERT INTO Support(SUP_NAME,SUP_ID,SUP_GENDER,SUP_SALARY,SUP_WHOURS,SUP_DEPARTMENT,SUP_ADDRESS,SUP_AGE,SUP_BENEFIT,SUP_VACATION,SUP_RETIRE,ADM_ID) VALUES ('Pongpeera','700503','M',22000,'8.00 - 16.00',NULL,'Bangkok',25,'End Year Bonus','15','09-30-2043','101003');
INSERT INTO Support(SUP_NAME,SUP_ID,SUP_GENDER,SUP_SALARY,SUP_WHOURS,SUP_DEPARTMENT,SUP_ADDRESS,SUP_AGE,SUP_BENEFIT,SUP_VACATION,SUP_RETIRE,ADM_ID) VALUES ('Somchai','700504','M',23000,'8.00 - 16.00',NULL,'Bangkok',32,'Monthly Bonus','15','09-30-2046','101004');
INSERT INTO Support(SUP_NAME,SUP_ID,SUP_GENDER,SUP_SALARY,SUP_WHOURS,SUP_DEPARTMENT,SUP_ADDRESS,SUP_AGE,SUP_BENEFIT,SUP_VACATION,SUP_RETIRE,ADM_ID) VALUES ('Srisupa','700505','F',28000,'8.00 - 16.00',NULL,'Bangkok',38,'Monthly Bonus','15','09-30-2040','101005');
INSERT INTO Support(SUP_NAME,SUP_ID,SUP_GENDER,SUP_SALARY,SUP_WHOURS,SUP_DEPARTMENT,SUP_ADDRESS,SUP_AGE,SUP_BENEFIT,SUP_VACATION,SUP_RETIRE,ADM_ID) VALUES ('Chatchai','700506','M',29000,'8.00 - 16.00',NULL,'Bangkok',47,'Monthly Bonus','15','09-30-2031','101006');
INSERT INTO Support(SUP_NAME,SUP_ID,SUP_GENDER,SUP_SALARY,SUP_WHOURS,SUP_DEPARTMENT,SUP_ADDRESS,SUP_AGE,SUP_BENEFIT,SUP_VACATION,SUP_RETIRE,ADM_ID) VALUES ('Pranalee','700507','F',27000,'8.00 - 16.00',NULL,'Bangkok',55,'End Year Bonus','15','09-30-2023','101007');
INSERT INTO Support(SUP_NAME,SUP_ID,SUP_GENDER,SUP_SALARY,SUP_WHOURS,SUP_DEPARTMENT,SUP_ADDRESS,SUP_AGE,SUP_BENEFIT,SUP_VACATION,SUP_RETIRE,ADM_ID) VALUES ('Sommai','700508','M',32000,'8.00 - 16.00',NULL,'Bangkok',41,'End Year Bonus','15','09-30-2037','101008');
INSERT INTO Support(SUP_NAME,SUP_ID,SUP_GENDER,SUP_SALARY,SUP_WHOURS,SUP_DEPARTMENT,SUP_ADDRESS,SUP_AGE,SUP_BENEFIT,SUP_VACATION,SUP_RETIRE,ADM_ID) VALUES ('Longaporn','700509','F',23000,'8.00 - 16.00',NULL,'Bangkok',26,'Monthly Bonus','15','09-30-2045','101009');
INSERT INTO Support(SUP_NAME,SUP_ID,SUP_GENDER,SUP_SALARY,SUP_WHOURS,SUP_DEPARTMENT,SUP_ADDRESS,SUP_AGE,SUP_BENEFIT,SUP_VACATION,SUP_RETIRE,ADM_ID) VALUES ('Pongsit','700510','M',26000,'8.00 - 16.00',NULL,'Bangkok',29,'None','15','09-30-2039','101010');

CREATE TABLE Nurse(
   NUR_NAME       VARCHAR(20)  
  ,NUR_ID         VARCHAR(7) NOT NULL PRIMARY KEY
  ,NUR_SALARY     INT 
  ,NUR_DEPARTMENT VARCHAR(25)
  ,NUR_WHOURS     VARCHAR(20)
  ,NUR_ADDRESS    VARCHAR(20)
  ,NUR_AGE        INT 
  ,NUR_VACATION   CHAR(10)
  ,NUR_RETIRE     DATE   
  ,NUR_BENEFIT    VARCHAR(100)
);
INSERT INTO Nurse(NUR_NAME,NUR_ID,NUR_SALARY,NUR_DEPARTMENT,NUR_WHOURS,NUR_ADDRESS,NUR_AGE,NUR_VACATION,NUR_RETIRE,NUR_BENEFIT) VALUES ('Sanluck','201',25000,'Pediatrics','06.00-17.00','Bangkok',27,'15','09-30-2051','None');
INSERT INTO Nurse(NUR_NAME,NUR_ID,NUR_SALARY,NUR_DEPARTMENT,NUR_WHOURS,NUR_ADDRESS,NUR_AGE,NUR_VACATION,NUR_RETIRE,NUR_BENEFIT) VALUES ('Pranalee','202',30000,'Surgical','06.00-17.00','Bangkok',32,'15','09-30-2045','None');
INSERT INTO Nurse(NUR_NAME,NUR_ID,NUR_SALARY,NUR_DEPARTMENT,NUR_WHOURS,NUR_ADDRESS,NUR_AGE,NUR_VACATION,NUR_RETIRE,NUR_BENEFIT) VALUES ('Napasorn','203',20000,'Medicine','06.00-17.00','Bangkok',25,'15','09-30-2053','End Year Bonus');
INSERT INTO Nurse(NUR_NAME,NUR_ID,NUR_SALARY,NUR_DEPARTMENT,NUR_WHOURS,NUR_ADDRESS,NUR_AGE,NUR_VACATION,NUR_RETIRE,NUR_BENEFIT) VALUES ('Srinuan','204',22000,'Surgical','06.00-17.00','Bangkok',26,'15','09-30-2052','Monthly Bonus');
INSERT INTO Nurse(NUR_NAME,NUR_ID,NUR_SALARY,NUR_DEPARTMENT,NUR_WHOURS,NUR_ADDRESS,NUR_AGE,NUR_VACATION,NUR_RETIRE,NUR_BENEFIT) VALUES ('Suda','205',23000,'Emergency','07.00-19.00','Bangkok',26,'15','09-30-2052','Monthly Bonus');
INSERT INTO Nurse(NUR_NAME,NUR_ID,NUR_SALARY,NUR_DEPARTMENT,NUR_WHOURS,NUR_ADDRESS,NUR_AGE,NUR_VACATION,NUR_RETIRE,NUR_BENEFIT) VALUES ('Longaporn','206',27000,'Medicine','07.00-19.00','Bangkok',28,'15','09-30-2050','Monthly Bonus');
INSERT INTO Nurse(NUR_NAME,NUR_ID,NUR_SALARY,NUR_DEPARTMENT,NUR_WHOURS,NUR_ADDRESS,NUR_AGE,NUR_VACATION,NUR_RETIRE,NUR_BENEFIT) VALUES ('Roungdow','207',32000,'Obstretic - Gynecology','05.00-16.00','Bangkok',34,'15','09-30-2044','End Year Bonus');
INSERT INTO Nurse(NUR_NAME,NUR_ID,NUR_SALARY,NUR_DEPARTMENT,NUR_WHOURS,NUR_ADDRESS,NUR_AGE,NUR_VACATION,NUR_RETIRE,NUR_BENEFIT) VALUES ('Nusdee','208',31000,'Psychology','07.00-19.00','Bangkok',36,'15','09-30-2042','End Year Bonus');
INSERT INTO Nurse(NUR_NAME,NUR_ID,NUR_SALARY,NUR_DEPARTMENT,NUR_WHOURS,NUR_ADDRESS,NUR_AGE,NUR_VACATION,NUR_RETIRE,NUR_BENEFIT) VALUES ('Neaya','209',36000,'Emergency','05.00-16.00','Bangkok',44,'15','09-30-2034','Monthly Bonus');
INSERT INTO Nurse(NUR_NAME,NUR_ID,NUR_SALARY,NUR_DEPARTMENT,NUR_WHOURS,NUR_ADDRESS,NUR_AGE,NUR_VACATION,NUR_RETIRE,NUR_BENEFIT) VALUES ('Sornya','210',37000,'Obstretic - Gynecology','07.00-19.00','Bangkok',48,'15','09-30-2030','None');


CREATE TABLE Medicine(
   MED_TYPE    VARCHAR(100)
  ,MED_ID      VARCHAR(7) NOT NULL PRIMARY KEY
  ,MED_PRICE   VARCHAR(6)
  ,MED_AMOUNT  INT 
  ,MED_EXPIRY  VARCHAR(20)
  ,MED_INTAKEM VARCHAR(100)
  ,MED_MDATE   DATE 
  ,MED_NAME    VARCHAR(30)
  ,MED_TRNAME  VARCHAR(30)
  ,MED_ING     VARCHAR(100)
  ,MED_SE      VARCHAR(100)
);
INSERT INTO Medicine(MED_TYPE,MED_ID,MED_PRICE,MED_AMOUNT,MED_EXPIRY,MED_INTAKEM,MED_MDATE,MED_NAME,MED_TRNAME,MED_ING,MED_SE) VALUES ('Capsules','200101','5000',200,'60',NULL,'02-15-2014','Dimenhydrinate','Dramamine','Substances','Sleep');
INSERT INTO Medicine(MED_TYPE,MED_ID,MED_PRICE,MED_AMOUNT,MED_EXPIRY,MED_INTAKEM,MED_MDATE,MED_NAME,MED_TRNAME,MED_ING,MED_SE) VALUES ('Tablet','200102','50',300,'30',NULL,'06-20-2017','Chlorpheniramine','Chlorpen-12','Classified','Sleep');
INSERT INTO Medicine(MED_TYPE,MED_ID,MED_PRICE,MED_AMOUNT,MED_EXPIRY,MED_INTAKEM,MED_MDATE,MED_NAME,MED_TRNAME,MED_ING,MED_SE) VALUES ('Liquid','200103','300',50,'3000',NULL,'01-02-2009','Aspirin','Aspir-81','Pain Relievers','Sleep');
INSERT INTO Medicine(MED_TYPE,MED_ID,MED_PRICE,MED_AMOUNT,MED_EXPIRY,MED_INTAKEM,MED_MDATE,MED_NAME,MED_TRNAME,MED_ING,MED_SE) VALUES ('Injections','200104','4800',500,'5000',NULL,'07-31-2016','Methylphenidate','Concerta','Methyl','Hyper Active');
INSERT INTO Medicine(MED_TYPE,MED_ID,MED_PRICE,MED_AMOUNT,MED_EXPIRY,MED_INTAKEM,MED_MDATE,MED_NAME,MED_TRNAME,MED_ING,MED_SE) VALUES ('Liquid','200105','3000',400,'45',NULL,'04-25-2013','Cetirizine','Zyrtec','Zync Nitrate','Sleep');
INSERT INTO Medicine(MED_TYPE,MED_ID,MED_PRICE,MED_AMOUNT,MED_EXPIRY,MED_INTAKEM,MED_MDATE,MED_NAME,MED_TRNAME,MED_ING,MED_SE) VALUES ('Capsules','200106','2000',200,'365',NULL,'02-02-2009','Amoxicillin','Trimox','Classified','Hyper Active');
INSERT INTO Medicine(MED_TYPE,MED_ID,MED_PRICE,MED_AMOUNT,MED_EXPIRY,MED_INTAKEM,MED_MDATE,MED_NAME,MED_TRNAME,MED_ING,MED_SE) VALUES ('Tablet','200107','2400',350,'365',NULL,'07-31-2017','Mefenamic acid','Ponsant','Unknown','Unknown');
INSERT INTO Medicine(MED_TYPE,MED_ID,MED_PRICE,MED_AMOUNT,MED_EXPIRY,MED_INTAKEM,MED_MDATE,MED_NAME,MED_TRNAME,MED_ING,MED_SE) VALUES ('Liquid','200108','500',250,'180',NULL,'04-25-2014','diiodohydroxyquinoline','Disento','Unknown','Hyper Active');
INSERT INTO Medicine(MED_TYPE,MED_ID,MED_PRICE,MED_AMOUNT,MED_EXPIRY,MED_INTAKEM,MED_MDATE,MED_NAME,MED_TRNAME,MED_ING,MED_SE) VALUES ('Injections','200109','7000',200,'3650',NULL,'03-02-2009','Nofloxacin','Noroxin','Classified','Hyper Active');
INSERT INTO Medicine(MED_TYPE,MED_ID,MED_PRICE,MED_AMOUNT,MED_EXPIRY,MED_INTAKEM,MED_MDATE,MED_NAME,MED_TRNAME,MED_ING,MED_SE) VALUES ('Capsules','200110','6000',120,'365',NULL,'07-31-2018','Phenyl salicylate','Salol et Menthol Mixture','Substances','Unknown');
INSERT INTO Medicine(MED_TYPE,MED_ID,MED_PRICE,MED_AMOUNT,MED_EXPIRY,MED_INTAKEM,MED_MDATE,MED_NAME,MED_TRNAME,MED_ING,MED_SE) VALUES ('Tablet','200111','200',200,'70',NULL,'04-25-2015',NULL,'Chlorpen-12','Chlorophyl','Unknown');
INSERT INTO Medicine(MED_TYPE,MED_ID,MED_PRICE,MED_AMOUNT,MED_EXPIRY,MED_INTAKEM,MED_MDATE,MED_NAME,MED_TRNAME,MED_ING,MED_SE) VALUES ('Liquid','200112','3000',140,'60',NULL,'04-02-2009','Anthelmintic','Albemed','Amethamine','Sleep');


CREATE TABLE Pharmacist(
   PH_NAME     VARCHAR(20)
  ,PH_ID       VARCHAR(7) NOT NULL PRIMARY KEY
  ,PH_SALARY   INT
  ,PH_GENDER   CHAR(1)
  ,PH_WHOURS   VARCHAR(20) 
  ,PH_ADDRESS  VARCHAR(20)
  ,PH_AGE      INT  
  ,PH_VACATION VARCHAR(10)
  ,PH_RETIRE   DATE  
  ,PH_BENEFIT  VARCHAR(100)
);
INSERT INTO Pharmacist(PH_NAME,PH_ID,PH_SALARY,PH_GENDER,PH_WHOURS,PH_ADDRESS,PH_AGE,PH_VACATION,PH_RETIRE,PH_BENEFIT) VALUES ('Somsuk','301',20000,'M','06.00-17.00','Bangkok',26,'15','09-30-2057','None');
INSERT INTO Pharmacist(PH_NAME,PH_ID,PH_SALARY,PH_GENDER,PH_WHOURS,PH_ADDRESS,PH_AGE,PH_VACATION,PH_RETIRE,PH_BENEFIT) VALUES ('Sanluck','302',25000,'M','06.00-17.00','Bangkok',33,'15','09-30-2040','None');
INSERT INTO Pharmacist(PH_NAME,PH_ID,PH_SALARY,PH_GENDER,PH_WHOURS,PH_ADDRESS,PH_AGE,PH_VACATION,PH_RETIRE,PH_BENEFIT) VALUES ('Sommai','303',35000,'F','06.00-17.00','Bangkok',29,'15','09-30-2054','End Year Bonus');
INSERT INTO Pharmacist(PH_NAME,PH_ID,PH_SALARY,PH_GENDER,PH_WHOURS,PH_ADDRESS,PH_AGE,PH_VACATION,PH_RETIRE,PH_BENEFIT) VALUES ('Sanit','304',44000,'M','06.00-17.00','Bangkok',30,'15','09-30-2053','Monthly Bonus');
INSERT INTO Pharmacist(PH_NAME,PH_ID,PH_SALARY,PH_GENDER,PH_WHOURS,PH_ADDRESS,PH_AGE,PH_VACATION,PH_RETIRE,PH_BENEFIT) VALUES ('Nusdee','305',24000,'F','07.00-19.00','Bangkok',25,'15','09-30-2058','Monthly Bonus');
INSERT INTO Pharmacist(PH_NAME,PH_ID,PH_SALARY,PH_GENDER,PH_WHOURS,PH_ADDRESS,PH_AGE,PH_VACATION,PH_RETIRE,PH_BENEFIT) VALUES ('Manut','306',25000,'F','07.00-19.00','Bangkok',43,'15','09-30-2040','Monthly Bonus');
INSERT INTO Pharmacist(PH_NAME,PH_ID,PH_SALARY,PH_GENDER,PH_WHOURS,PH_ADDRESS,PH_AGE,PH_VACATION,PH_RETIRE,PH_BENEFIT) VALUES ('Sornya','307',26000,'M','05.00-16.00','Bangkok',42,'15','09-30-2041','End Year Bonus');
INSERT INTO Pharmacist(PH_NAME,PH_ID,PH_SALARY,PH_GENDER,PH_WHOURS,PH_ADDRESS,PH_AGE,PH_VACATION,PH_RETIRE,PH_BENEFIT) VALUES ('Palida','308',32000,'F','07.00-19.00','Bangkok',36,'15','09-30-2047','End Year Bonus');
INSERT INTO Pharmacist(PH_NAME,PH_ID,PH_SALARY,PH_GENDER,PH_WHOURS,PH_ADDRESS,PH_AGE,PH_VACATION,PH_RETIRE,PH_BENEFIT) VALUES ('Purit','309',35000,'M','05.00-16.00','Bangkok',40,'15','09-30-2041','Monthly Bonus');
INSERT INTO Pharmacist(PH_NAME,PH_ID,PH_SALARY,PH_GENDER,PH_WHOURS,PH_ADDRESS,PH_AGE,PH_VACATION,PH_RETIRE,PH_BENEFIT) VALUES ('Pongpeera','310',42000,'M','07.00-19.00','Bangkok',28,'15','09-30-2055','None');

CREATE TABLE Patients(
   PAT_PREFIX   VARCHAR(10)
  ,PAT_NAME     VARCHAR(20) 
  ,PAT_GENDER   CHAR(1) 
  ,PAT_BLOOD    VARCHAR(2) 
  ,PAT_JOB      VARCHAR(30)
  ,PAT_ADMIT    VARCHAR(5)
  ,PAT_SICKNESS VARCHAR(100)
  ,PAT_RELIGION VARCHAR(20)
  ,PAT_STATUS   VARCHAR(10)
  ,PAT_ADDRESS  VARCHAR(20) 
  ,PAT_PRIV     VARCHAR(10)
  ,PAT_AGE      INT 
  ,PAT_WEIGHT   FLOAT(4)
  ,PAT_BENEFIT  FLOAT(5)
  ,ADM_ID       VARCHAR(7) 
  ,DOC_ID       VARCHAR(7) 
  ,DOC_NAME		VARCHAR(30)
  ,NUR_ID       VARCHAR(7) 
  ,PRIMARY KEY(PAT_NAME)
  ,FOREIGN KEY(ADM_ID) REFERENCES Administration(ADM_ID)
  ,FOREIGN KEY(DOC_NAME,DOC_ID) REFERENCES Doctor(DOC_NAME,DOC_ID)
  ,FOREIGN KEY(NUR_ID) REFERENCES Nurse(NUR_ID)
);
INSERT INTO Patients(PAT_PREFIX,PAT_NAME,PAT_GENDER,PAT_BLOOD,PAT_JOB,PAT_ADMIT,PAT_SICKNESS,PAT_RELIGION,PAT_STATUS,PAT_ADDRESS,PAT_PRIV,PAT_AGE,PAT_WEIGHT,PAT_BENEFIT,ADM_ID,DOC_ID,NUR_ID) VALUES ('Mr.','Thanakrit','M','A','Monk','In','Panic disoerder','Buddha','Single','Bangkok',NULL,20,70,20000,'101001','101','201');
INSERT INTO Patients(PAT_PREFIX,PAT_NAME,PAT_GENDER,PAT_BLOOD,PAT_JOB,PAT_ADMIT,PAT_SICKNESS,PAT_RELIGION,PAT_STATUS,PAT_ADDRESS,PAT_PRIV,PAT_AGE,PAT_WEIGHT,PAT_BENEFIT,ADM_ID,DOC_ID,NUR_ID) VALUES ('Mr.','Patawee','M','A','Musician','In','Cold','Christ','Married','Nakornsritummarad','Discount',26,58,75000,'101002','102','202');
INSERT INTO Patients(PAT_PREFIX,PAT_NAME,PAT_GENDER,PAT_BLOOD,PAT_JOB,PAT_ADMIT,PAT_SICKNESS,PAT_RELIGION,PAT_STATUS,PAT_ADDRESS,PAT_PRIV,PAT_AGE,PAT_WEIGHT,PAT_BENEFIT,ADM_ID,DOC_ID,NUR_ID) VALUES ('Mr.','Naruedon','M','O','Student','In','Allergy','Buddha','Single','Bangkok',NULL,30,65,15000,'101003','103','203');
INSERT INTO Patients(PAT_PREFIX,PAT_NAME,PAT_GENDER,PAT_BLOOD,PAT_JOB,PAT_ADMIT,PAT_SICKNESS,PAT_RELIGION,PAT_STATUS,PAT_ADDRESS,PAT_PRIV,PAT_AGE,PAT_WEIGHT,PAT_BENEFIT,ADM_ID,DOC_ID,NUR_ID) VALUES ('Mr.','Purit','M','B','Student','Out','Cold','Christ','Married','Chiangmai',NULL,32,62,15000,'101004','104','204');
INSERT INTO Patients(PAT_PREFIX,PAT_NAME,PAT_GENDER,PAT_BLOOD,PAT_JOB,PAT_ADMIT,PAT_SICKNESS,PAT_RELIGION,PAT_STATUS,PAT_ADDRESS,PAT_PRIV,PAT_AGE,PAT_WEIGHT,PAT_BENEFIT,ADM_ID,DOC_ID,NUR_ID) VALUES ('Mr.','Pongpeera','M','B','Student','In','Allergy','Buddha','Single','Bangkok',NULL,35,47,15000,'101005','105','205');
INSERT INTO Patients(PAT_PREFIX,PAT_NAME,PAT_GENDER,PAT_BLOOD,PAT_JOB,PAT_ADMIT,PAT_SICKNESS,PAT_RELIGION,PAT_STATUS,PAT_ADDRESS,PAT_PRIV,PAT_AGE,PAT_WEIGHT,PAT_BENEFIT,ADM_ID,DOC_ID,NUR_ID) VALUES ('Mrs.','Somsri','F','AB','Designer','Out','High Blood Pressure','Buddha','Married','Chumporn',NULL,42,50,35000,'101006','106','206');
INSERT INTO Patients(PAT_PREFIX,PAT_NAME,PAT_GENDER,PAT_BLOOD,PAT_JOB,PAT_ADMIT,PAT_SICKNESS,PAT_RELIGION,PAT_STATUS,PAT_ADDRESS,PAT_PRIV,PAT_AGE,PAT_WEIGHT,PAT_BENEFIT,ADM_ID,DOC_ID,NUR_ID) VALUES ('Mr.','Somchai','M','A','Officer','Out','High Blood Pressure','Buddha','Married','Bangkok','Discount',47,55,50000,'101007','107','207');
INSERT INTO Patients(PAT_PREFIX,PAT_NAME,PAT_GENDER,PAT_BLOOD,PAT_JOB,PAT_ADMIT,PAT_SICKNESS,PAT_RELIGION,PAT_STATUS,PAT_ADDRESS,PAT_PRIV,PAT_AGE,PAT_WEIGHT,PAT_BENEFIT,ADM_ID,DOC_ID,NUR_ID) VALUES ('Mr.','Somsuk','M','B','Teacher','In','Diabetes','Buddha','Married','Bangkok',NULL,56,56,30000,'101008','108','208');
INSERT INTO Patients(PAT_PREFIX,PAT_NAME,PAT_GENDER,PAT_BLOOD,PAT_JOB,PAT_ADMIT,PAT_SICKNESS,PAT_RELIGION,PAT_STATUS,PAT_ADDRESS,PAT_PRIV,PAT_AGE,PAT_WEIGHT,PAT_BENEFIT,ADM_ID,DOC_ID,NUR_ID) VALUES ('Mrs.','Srisupa','F','O','Reporter','In','Psychosis','Islamic','Single','Pattanee',NULL,87,77,3000,'101009','109','209');
INSERT INTO Patients(PAT_PREFIX,PAT_NAME,PAT_GENDER,PAT_BLOOD,PAT_JOB,PAT_ADMIT,PAT_SICKNESS,PAT_RELIGION,PAT_STATUS,PAT_ADDRESS,PAT_PRIV,PAT_AGE,PAT_WEIGHT,PAT_BENEFIT,ADM_ID,DOC_ID,NUR_ID) VALUES ('Mr.','Nopparut','M','A','Student','Out','Allergy','Buddha','Single','Bangkok',NULL,12,38,15000,'101010','110','210');
INSERT INTO Patients(PAT_PREFIX,PAT_NAME,PAT_GENDER,PAT_BLOOD,PAT_JOB,PAT_ADMIT,PAT_SICKNESS,PAT_RELIGION,PAT_STATUS,PAT_ADDRESS,PAT_PRIV,PAT_AGE,PAT_WEIGHT,PAT_BENEFIT,ADM_ID,DOC_ID,NUR_ID) VALUES ('Miss','Sanluck','F','A','Officer','In','Cancer','Buddha','Single','Bangkok',NULL,45,44,41000,'101001','101','201');
INSERT INTO Patients(PAT_PREFIX,PAT_NAME,PAT_GENDER,PAT_BLOOD,PAT_JOB,PAT_ADMIT,PAT_SICKNESS,PAT_RELIGION,PAT_STATUS,PAT_ADDRESS,PAT_PRIV,PAT_AGE,PAT_WEIGHT,PAT_BENEFIT,ADM_ID,DOC_ID,NUR_ID) VALUES ('Mr','Chatchai','M','A','doctor','Out','Diabetes','Buddha','Single','Bangkok',NULL,23,42,26000,'101002','102','202');
INSERT INTO Patients(PAT_PREFIX,PAT_NAME,PAT_GENDER,PAT_BLOOD,PAT_JOB,PAT_ADMIT,PAT_SICKNESS,PAT_RELIGION,PAT_STATUS,PAT_ADDRESS,PAT_PRIV,PAT_AGE,PAT_WEIGHT,PAT_BENEFIT,ADM_ID,DOC_ID,NUR_ID) VALUES ('Mr','Yongyut','M','O','scienctist','In','Hiv','Buddha','Single','Bangkok','Discount',56,87,25000,'101003','103','203');
INSERT INTO Patients(PAT_PREFIX,PAT_NAME,PAT_GENDER,PAT_BLOOD,PAT_JOB,PAT_ADMIT,PAT_SICKNESS,PAT_RELIGION,PAT_STATUS,PAT_ADDRESS,PAT_PRIV,PAT_AGE,PAT_WEIGHT,PAT_BENEFIT,ADM_ID,DOC_ID,NUR_ID) VALUES ('Mrs.','Pranalee','F','A','Student','In','High Blood Pressure','Buddha','Married','Bangkok',NULL,18,45,4800,'101004','104','204');
INSERT INTO Patients(PAT_PREFIX,PAT_NAME,PAT_GENDER,PAT_BLOOD,PAT_JOB,PAT_ADMIT,PAT_SICKNESS,PAT_RELIGION,PAT_STATUS,PAT_ADDRESS,PAT_PRIV,PAT_AGE,PAT_WEIGHT,PAT_BENEFIT,ADM_ID,DOC_ID,NUR_ID) VALUES ('Miss','Napasorn','F','AB','reporter','Out','Allergy','Buddha','Married','Bangkok',NULL,65,68,48000,'101005','105','205');
INSERT INTO Patients(PAT_PREFIX,PAT_NAME,PAT_GENDER,PAT_BLOOD,PAT_JOB,PAT_ADMIT,PAT_SICKNESS,PAT_RELIGION,PAT_STATUS,PAT_ADDRESS,PAT_PRIV,PAT_AGE,PAT_WEIGHT,PAT_BENEFIT,ADM_ID,DOC_ID,NUR_ID) VALUES ('Mr.','Sommai','M','B','Officer','Out','heart failure','Buddha','Single','Bangkok',NULL,45,75,30000,'101006','106','206');
INSERT INTO Patients(PAT_PREFIX,PAT_NAME,PAT_GENDER,PAT_BLOOD,PAT_JOB,PAT_ADMIT,PAT_SICKNESS,PAT_RELIGION,PAT_STATUS,PAT_ADDRESS,PAT_PRIV,PAT_AGE,PAT_WEIGHT,PAT_BENEFIT,ADM_ID,DOC_ID,NUR_ID) VALUES ('Miss','Srinuan','F','A','Actress','In','coronary heart disease','Christ','Married','Patomtani',NULL,72,45,32000,'101007','107','207');
INSERT INTO Patients(PAT_PREFIX,PAT_NAME,PAT_GENDER,PAT_BLOOD,PAT_JOB,PAT_ADMIT,PAT_SICKNESS,PAT_RELIGION,PAT_STATUS,PAT_ADDRESS,PAT_PRIV,PAT_AGE,PAT_WEIGHT,PAT_BENEFIT,ADM_ID,DOC_ID,NUR_ID) VALUES ('Mrs.','Suda','F','A','Artist','Out','cardiac arrhythmias','Buddha','Married','Nakornpatom','Discount',23,54,36000,'101008','108','208');
INSERT INTO Patients(PAT_PREFIX,PAT_NAME,PAT_GENDER,PAT_BLOOD,PAT_JOB,PAT_ADMIT,PAT_SICKNESS,PAT_RELIGION,PAT_STATUS,PAT_ADDRESS,PAT_PRIV,PAT_AGE,PAT_WEIGHT,PAT_BENEFIT,ADM_ID,DOC_ID,NUR_ID) VALUES ('Mr.','Prasert','M','B','Officer','Out','Tuberculosis','Buddha','Single','Bangkok',NULL,35,80,45000,'101009','109','209');
INSERT INTO Patients(PAT_PREFIX,PAT_NAME,PAT_GENDER,PAT_BLOOD,PAT_JOB,PAT_ADMIT,PAT_SICKNESS,PAT_RELIGION,PAT_STATUS,PAT_ADDRESS,PAT_PRIV,PAT_AGE,PAT_WEIGHT,PAT_BENEFIT,ADM_ID,DOC_ID,NUR_ID) VALUES ('Mr.','Kongkaid','M','B','Writer','In','Cold','Buddha','Single','Bangkok',NULL,35,23,27000,'101010','110','210');
INSERT INTO Patients(PAT_PREFIX,PAT_NAME,PAT_GENDER,PAT_BLOOD,PAT_JOB,PAT_ADMIT,PAT_SICKNESS,PAT_RELIGION,PAT_STATUS,PAT_ADDRESS,PAT_PRIV,PAT_AGE,PAT_WEIGHT,PAT_BENEFIT,ADM_ID,DOC_ID,NUR_ID) VALUES ('Mrs.','Palida','F','O','Programmer','In','Psychosis','Buddha','Single','Bangkok',NULL,45,56,84000,'101001','101','201');
INSERT INTO Patients(PAT_PREFIX,PAT_NAME,PAT_GENDER,PAT_BLOOD,PAT_JOB,PAT_ADMIT,PAT_SICKNESS,PAT_RELIGION,PAT_STATUS,PAT_ADDRESS,PAT_PRIV,PAT_AGE,PAT_WEIGHT,PAT_BENEFIT,ADM_ID,DOC_ID,NUR_ID) VALUES ('Miss','Longaporn','F','O','Web developer','Out','Diabetes','Buddha','Married','Bangkok',NULL,26,54,69000,'101002','102','202');
INSERT INTO Patients(PAT_PREFIX,PAT_NAME,PAT_GENDER,PAT_BLOOD,PAT_JOB,PAT_ADMIT,PAT_SICKNESS,PAT_RELIGION,PAT_STATUS,PAT_ADDRESS,PAT_PRIV,PAT_AGE,PAT_WEIGHT,PAT_BENEFIT,ADM_ID,DOC_ID,NUR_ID) VALUES ('Miss','Roungdow','F','O','Student','Out','Tuberculosis','Buddha','Single','Bangkok',NULL,9,37,5000,'101003','103','203');
INSERT INTO Patients(PAT_PREFIX,PAT_NAME,PAT_GENDER,PAT_BLOOD,PAT_JOB,PAT_ADMIT,PAT_SICKNESS,PAT_RELIGION,PAT_STATUS,PAT_ADDRESS,PAT_PRIV,PAT_AGE,PAT_WEIGHT,PAT_BENEFIT,ADM_ID,DOC_ID,NUR_ID) VALUES ('Mr.','Kittipad','M','AB','Police','Out','Hiv','Buddha','Married','Samutpakarn',NULL,24,58,48000,'101004','104','204');
INSERT INTO Patients(PAT_PREFIX,PAT_NAME,PAT_GENDER,PAT_BLOOD,PAT_JOB,PAT_ADMIT,PAT_SICKNESS,PAT_RELIGION,PAT_STATUS,PAT_ADDRESS,PAT_PRIV,PAT_AGE,PAT_WEIGHT,PAT_BENEFIT,ADM_ID,DOC_ID,NUR_ID) VALUES ('Miss','Nusdee','F','A','Soldier','In','Cancer','Buddha','Married','Bangkok',NULL,25,44,64000,'101005','105','205');
INSERT INTO Patients(PAT_PREFIX,PAT_NAME,PAT_GENDER,PAT_BLOOD,PAT_JOB,PAT_ADMIT,PAT_SICKNESS,PAT_RELIGION,PAT_STATUS,PAT_ADDRESS,PAT_PRIV,PAT_AGE,PAT_WEIGHT,PAT_BENEFIT,ADM_ID,DOC_ID,NUR_ID) VALUES ('Mrs.','Neaya','F','B','Officer','In','High Blood Pressure','Buddha','Single','Bangkok','Discount',38,46,25000,'101006','106','206');
INSERT INTO Patients(PAT_PREFIX,PAT_NAME,PAT_GENDER,PAT_BLOOD,PAT_JOB,PAT_ADMIT,PAT_SICKNESS,PAT_RELIGION,PAT_STATUS,PAT_ADDRESS,PAT_PRIV,PAT_AGE,PAT_WEIGHT,PAT_BENEFIT,ADM_ID,DOC_ID,NUR_ID) VALUES ('Mr.','Pongsit','M','B','Bussiness man','out','heart failure','Buddha','Single','Bangkok','Discount',44,52,48000,'101007','107','207');
INSERT INTO Patients(PAT_PREFIX,PAT_NAME,PAT_GENDER,PAT_BLOOD,PAT_JOB,PAT_ADMIT,PAT_SICKNESS,PAT_RELIGION,PAT_STATUS,PAT_ADDRESS,PAT_PRIV,PAT_AGE,PAT_WEIGHT,PAT_BENEFIT,ADM_ID,DOC_ID,NUR_ID) VALUES ('Mr.','Manut','M','A','Student','out','cardiac arrhythmias','Buddha','Single','Bangkok','Discount',15,45,12000,'101008','108','208');
INSERT INTO Patients(PAT_PREFIX,PAT_NAME,PAT_GENDER,PAT_BLOOD,PAT_JOB,PAT_ADMIT,PAT_SICKNESS,PAT_RELIGION,PAT_STATUS,PAT_ADDRESS,PAT_PRIV,PAT_AGE,PAT_WEIGHT,PAT_BENEFIT,ADM_ID,DOC_ID,NUR_ID) VALUES ('Miss','Sornya','F','O','Officer','In','Allergy','Islamic','Married','Bangkok',NULL,35,49,42000,'101009','109','209');

CREATE TABLE Payment_Record(
   PAY_TOTAL    VARCHAR(5)
  ,PAY_ADM      CHAR(10)
  ,PAT_NAME     VARCHAR(20)  
  ,DOC_NAME     VARCHAR(30)  
  ,DOC_ID		VARCHAR(7)  
  ,PAT_PRIV     VARCHAR(10)
  ,PAY_CURE     VARCHAR(100)
  ,PAY_DUR      VARCHAR(5)
  ,PAY_VISITNUM INT 
  ,PAY_APD      DATE 
  ,PAY_ID       VARCHAR(7)  
  ,PRIMARY KEY(PAY_ID)
  ,FOREIGN KEY(DOC_NAME,DOC_ID) REFERENCES Doctor(DOC_NAME,DOC_ID)
  
);
INSERT INTO Payment_Record(PAY_TOTAL,PAY_ADM,PAT_NAME,DOC_NAME,PAT_PRIV,PAY_CURE,PAY_DUR,PAY_VISITNUM,PAY_APD,PAY_ID) VALUES ('3000','04-25-2018','Kongkaid','Siriwat Wanthong',NULL,'Medicine','7',5,NULL,'1074501');
INSERT INTO Payment_Record(PAY_TOTAL,PAY_ADM,PAT_NAME,DOC_NAME,PAT_PRIV,PAY_CURE,PAY_DUR,PAY_VISITNUM,PAY_APD,PAY_ID) VALUES ('600','04-25-2018','Palida','Methar Poocharoenchai',NULL,'Medicine','7',3,'5-25-2018','1074502');
INSERT INTO Payment_Record(PAY_TOTAL,PAY_ADM,PAT_NAME,DOC_NAME,PAT_PRIV,PAY_CURE,PAY_DUR,PAY_VISITNUM,PAY_APD,PAY_ID) VALUES ('500','01-20-2018','Longaporn','Kawee Charoenlarb',NULL,'Medicine','30',2,NULL,'1074503');
INSERT INTO Payment_Record(PAY_TOTAL,PAY_ADM,PAT_NAME,DOC_NAME,PAT_PRIV,PAY_CURE,PAY_DUR,PAY_VISITNUM,PAY_APD,PAY_ID) VALUES ('30','03-03-2018','Roungdow','Pongsakorn Tantipikorn','Discount','Medicine','60',0,NULL,'1074504');
INSERT INTO Payment_Record(PAY_TOTAL,PAY_ADM,PAT_NAME,DOC_NAME,PAT_PRIV,PAY_CURE,PAY_DUR,PAY_VISITNUM,PAY_APD,PAY_ID) VALUES ('400','03-03-2018','Kittipad','Ananta Petawanich',NULL,'Medicine','90',2,NULL,'1074505');
INSERT INTO Payment_Record(PAY_TOTAL,PAY_ADM,PAT_NAME,DOC_NAME,PAT_PRIV,PAY_CURE,PAY_DUR,PAY_VISITNUM,PAY_APD,PAY_ID) VALUES ('8000','01-01-2018','Nusdee','Witch Banhiran',NULL,'Surgery','7',10,NULL,'1074506');
INSERT INTO Payment_Record(PAY_TOTAL,PAY_ADM,PAT_NAME,DOC_NAME,PAT_PRIV,PAY_CURE,PAY_DUR,PAY_VISITNUM,PAY_APD,PAY_ID) VALUES ('20000','05-03-2018','Neaya','Ngamkae Ruaengworawej',NULL,'Surgery','7',15,NULL,'1074507');
INSERT INTO Payment_Record(PAY_TOTAL,PAY_ADM,PAT_NAME,DOC_NAME,PAT_PRIV,PAY_CURE,PAY_DUR,PAY_VISITNUM,PAY_APD,PAY_ID) VALUES ('2500','04-25-2018','Pongsit','Chakarn Pongaksorn','Discount','Medicine','15',0,NULL,'1074508');
INSERT INTO Payment_Record(PAY_TOTAL,PAY_ADM,PAT_NAME,DOC_NAME,PAT_PRIV,PAY_CURE,PAY_DUR,PAY_VISITNUM,PAY_APD,PAY_ID) VALUES ('420','12-03-2017','Manut','Adul Rattanawijitsilp',NULL,'Medicine','90',0,NULL,'1074509');
INSERT INTO Payment_Record(PAY_TOTAL,PAY_ADM,PAT_NAME,DOC_NAME,PAT_PRIV,PAY_CURE,PAY_DUR,PAY_VISITNUM,PAY_APD,PAY_ID) VALUES ('350','08-31-2018','Sornya','Kritwikrom Durongpisitkul',NULL,'Medicine','60',0,'05-25-2018','1074510');
INSERT INTO Payment_Record(PAY_TOTAL,PAY_ADM,PAT_NAME,DOC_NAME,PAT_PRIV,PAY_CURE,PAY_DUR,PAY_VISITNUM,PAY_APD,PAY_ID) VALUES ('250','04-25-2018','Sanluck','Jarupim Suungsawang',NULL,'Medicine','30',0,NULL,'1074511');
INSERT INTO Payment_Record(PAY_TOTAL,PAY_ADM,PAT_NAME,DOC_NAME,PAT_PRIV,PAY_CURE,PAY_DUR,PAY_VISITNUM,PAY_APD,PAY_ID) VALUES ('1500','08-31-2018','Chatchai','Prapan Arnprueang','Discount','Medicine','30',5,NULL,'1074512');
INSERT INTO Payment_Record(PAY_TOTAL,PAY_ADM,PAT_NAME,DOC_NAME,PAT_PRIV,PAY_CURE,PAY_DUR,PAY_VISITNUM,PAY_APD,PAY_ID) VALUES ('900','01-20-2018','Yongyut','Jariya Taraksa',NULL,'Medicine','7',3,NULL,'1074513');
INSERT INTO Payment_Record(PAY_TOTAL,PAY_ADM,PAT_NAME,DOC_NAME,PAT_PRIV,PAY_CURE,PAY_DUR,PAY_VISITNUM,PAY_APD,PAY_ID) VALUES ('5000','12-03-2017','Pranalee','Sasithorn Chanthin',NULL,'Surgery','7',2,NULL,'1074514');
INSERT INTO Payment_Record(PAY_TOTAL,PAY_ADM,PAT_NAME,DOC_NAME,PAT_PRIV,PAY_CURE,PAY_DUR,PAY_VISITNUM,PAY_APD,PAY_ID) VALUES ('450','05-05-2018','Napasorn','Atchara Sarmbunna',NULL,'Medicine','15',1,NULL,'1074515');
INSERT INTO Payment_Record(PAY_TOTAL,PAY_ADM,PAT_NAME,DOC_NAME,PAT_PRIV,PAY_CURE,PAY_DUR,PAY_VISITNUM,PAY_APD,PAY_ID) VALUES ('4400','01-01-2018','Sommai','Akkapong Nitisingh',NULL,'Medicine','15',1,'07-17-2018','1074516');
INSERT INTO Payment_Record(PAY_TOTAL,PAY_ADM,PAT_NAME,DOC_NAME,PAT_PRIV,PAY_CURE,PAY_DUR,PAY_VISITNUM,PAY_APD,PAY_ID) VALUES ('5000','08-08-2018','Srinuan','Theerapol Wittiwech',NULL,'Medicine','7',1,NULL,'1074517');
INSERT INTO Payment_Record(PAY_TOTAL,PAY_ADM,PAT_NAME,DOC_NAME,PAT_PRIV,PAY_CURE,PAY_DUR,PAY_VISITNUM,PAY_APD,PAY_ID) VALUES ('25000','01-01-2018','Suda','Gongket Liansuwan',NULL,'Surgery','7',10,NULL,'1074518');
INSERT INTO Payment_Record(PAY_TOTAL,PAY_ADM,PAT_NAME,DOC_NAME,PAT_PRIV,PAY_CURE,PAY_DUR,PAY_VISITNUM,PAY_APD,PAY_ID) VALUES ('300','05-05-2018','Prasert','Pacharapol Udomkiat',NULL,'Medicine','60',0,'08-31-2018','1074519');
INSERT INTO Payment_Record(PAY_TOTAL,PAY_ADM,PAT_NAME,DOC_NAME,PAT_PRIV,PAY_CURE,PAY_DUR,PAY_VISITNUM,PAY_APD,PAY_ID) VALUES ('430','03-12-2017','Kongkaid','Methar Poocharoenchai',NULL,'Medicine','90',1,NULL,'1074520');
INSERT INTO Payment_Record(PAY_TOTAL,PAY_ADM,PAT_NAME,DOC_NAME,PAT_PRIV,PAY_CURE,PAY_DUR,PAY_VISITNUM,PAY_APD,PAY_ID) VALUES ('440','07-17-2018','Naruedon','Pongsakorn Tantipikorn',NULL,'Medicine','120',2,NULL,'1074521');
INSERT INTO Payment_Record(PAY_TOTAL,PAY_ADM,PAT_NAME,DOC_NAME,PAT_PRIV,PAY_CURE,PAY_DUR,PAY_VISITNUM,PAY_APD,PAY_ID) VALUES ('300','01-20-2018','Somsri','Witch Banhiran',NULL,'Medicine','15',0,NULL,'1074522');
INSERT INTO Payment_Record(PAY_TOTAL,PAY_ADM,PAT_NAME,DOC_NAME,PAT_PRIV,PAY_CURE,PAY_DUR,PAY_VISITNUM,PAY_APD,PAY_ID) VALUES ('4500','07-17-2018','Srisupa','Adul Rattanawijitsilp',NULL,'Medicine','7',1,NULL,'1074523');
INSERT INTO Payment_Record(PAY_TOTAL,PAY_ADM,PAT_NAME,DOC_NAME,PAT_PRIV,PAY_CURE,PAY_DUR,PAY_VISITNUM,PAY_APD,PAY_ID) VALUES ('6450','12-03-2017','Yongyut','Jarupim Suungsawang',NULL,'Medicine','7',1,NULL,'1074524');
INSERT INTO Payment_Record(PAY_TOTAL,PAY_ADM,PAT_NAME,DOC_NAME,PAT_PRIV,PAY_CURE,PAY_DUR,PAY_VISITNUM,PAY_APD,PAY_ID) VALUES ('5520','07-17-2018','Srinuan','Sasithorn Chanthin',NULL,'Medicine','60',0,'6-15-2018','1074525');
INSERT INTO Payment_Record(PAY_TOTAL,PAY_ADM,PAT_NAME,DOC_NAME,PAT_PRIV,PAY_CURE,PAY_DUR,PAY_VISITNUM,PAY_APD,PAY_ID) VALUES ('5000','08-31-2018','Palida','Akkapong Nitisingh',NULL,'Medicine','30',3,NULL,'1074526');
INSERT INTO Payment_Record(PAY_TOTAL,PAY_ADM,PAT_NAME,DOC_NAME,PAT_PRIV,PAY_CURE,PAY_DUR,PAY_VISITNUM,PAY_APD,PAY_ID) VALUES ('800','07-17-2018','Sommai','Gongket Liansuwan',NULL,'Medicine','30',1,NULL,'1074527');
INSERT INTO Payment_Record(PAY_TOTAL,PAY_ADM,PAT_NAME,DOC_NAME,PAT_PRIV,PAY_CURE,PAY_DUR,PAY_VISITNUM,PAY_APD,PAY_ID) VALUES ('700','04-25-2018','Prasert','Kritwikrom Durongpisitkul',NULL,'Medicine','7',0,NULL,'1074528');
INSERT INTO Payment_Record(PAY_TOTAL,PAY_ADM,PAT_NAME,DOC_NAME,PAT_PRIV,PAY_CURE,PAY_DUR,PAY_VISITNUM,PAY_APD,PAY_ID) VALUES ('600','05-05-2018','Srisupa','Jariya Taraksa','Discount','Medicine','7',3,NULL,'1074529');
INSERT INTO Payment_Record(PAY_TOTAL,PAY_ADM,PAT_NAME,DOC_NAME,PAT_PRIV,PAY_CURE,PAY_DUR,PAY_VISITNUM,PAY_APD,PAY_ID) VALUES ('500','07-17-2018','Palida','Siriwat Wanthong',NULL,'Medicine','60',1,NULL,'1074530');

CREATE TABLE Issue(
   PAY_ID VARCHAR(7)
  ,SUP_ID VARCHAR(7)
);
INSERT INTO Issue(PAY_ID,SUP_ID) VALUES ('1074501','700501');
INSERT INTO Issue(PAY_ID,SUP_ID) VALUES ('1074502','700502');
INSERT INTO Issue(PAY_ID,SUP_ID) VALUES ('1074503','700503');
INSERT INTO Issue(PAY_ID,SUP_ID) VALUES ('1074504','700504');
INSERT INTO Issue(PAY_ID,SUP_ID) VALUES ('1074505','700505');
INSERT INTO Issue(PAY_ID,SUP_ID) VALUES ('1074506','700506');
INSERT INTO Issue(PAY_ID,SUP_ID) VALUES ('1074507','700507');
INSERT INTO Issue(PAY_ID,SUP_ID) VALUES ('1074508','700508');
INSERT INTO Issue(PAY_ID,SUP_ID) VALUES ('1074509','700509');
INSERT INTO Issue(PAY_ID,SUP_ID) VALUES ('1074510','700510');


CREATE TABLE Send_Patient(
   DOC_ID VARCHAR(7)
  ,PH_ID  VARCHAR(7)
);
INSERT INTO Send_Patient(DOC_ID,PH_ID) VALUES ('101','301');
INSERT INTO Send_Patient(DOC_ID,PH_ID) VALUES ('102','302');
INSERT INTO Send_Patient(DOC_ID,PH_ID) VALUES ('103','303');
INSERT INTO Send_Patient(DOC_ID,PH_ID) VALUES ('104','304');
INSERT INTO Send_Patient(DOC_ID,PH_ID) VALUES ('105','305');
INSERT INTO Send_Patient(DOC_ID,PH_ID) VALUES ('106','306');
INSERT INTO Send_Patient(DOC_ID,PH_ID) VALUES ('107','307');
INSERT INTO Send_Patient(DOC_ID,PH_ID) VALUES ('108','308');
INSERT INTO Send_Patient(DOC_ID,PH_ID) VALUES ('109','309');
INSERT INTO Send_Patient(DOC_ID,PH_ID) VALUES ('110','310');
INSERT INTO Send_Patient(DOC_ID,PH_ID) VALUES ('111','301');
INSERT INTO Send_Patient(DOC_ID,PH_ID) VALUES ('112','302');
INSERT INTO Send_Patient(DOC_ID,PH_ID) VALUES ('113','303');
INSERT INTO Send_Patient(DOC_ID,PH_ID) VALUES ('114','304');
INSERT INTO Send_Patient(DOC_ID,PH_ID) VALUES ('115','305');
INSERT INTO Send_Patient(DOC_ID,PH_ID) VALUES ('116','306');
INSERT INTO Send_Patient(DOC_ID,PH_ID) VALUES ('117','307');
INSERT INTO Send_Patient(DOC_ID,PH_ID) VALUES ('118','308');
INSERT INTO Send_Patient(DOC_ID,PH_ID) VALUES ('119','309');

CREATE TABLE Prescript(
   MED_ID VARCHAR(7)
  ,PH_ID  VARCHAR(7)
);
INSERT INTO Prescript(MED_ID,PH_ID) VALUES ('200101','301');
INSERT INTO Prescript(MED_ID,PH_ID) VALUES ('200102','302');
INSERT INTO Prescript(MED_ID,PH_ID) VALUES ('200103','303');
INSERT INTO Prescript(MED_ID,PH_ID) VALUES ('200104','304');
INSERT INTO Prescript(MED_ID,PH_ID) VALUES ('200105','305');
INSERT INTO Prescript(MED_ID,PH_ID) VALUES ('200106','306');
INSERT INTO Prescript(MED_ID,PH_ID) VALUES ('200107','307');
INSERT INTO Prescript(MED_ID,PH_ID) VALUES ('200108','308');
INSERT INTO Prescript(MED_ID,PH_ID) VALUES ('200109','309');
INSERT INTO Prescript(MED_ID,PH_ID) VALUES ('200110','310');
INSERT INTO Prescript(MED_ID,PH_ID) VALUES ('200111','301');
INSERT INTO Prescript(MED_ID,PH_ID) VALUES ('200112','302');
INSERT INTO Prescript(MED_ID,PH_ID) VALUES ('200101','303');
INSERT INTO Prescript(MED_ID,PH_ID) VALUES ('200102','304');
INSERT INTO Prescript(MED_ID,PH_ID) VALUES ('200103','305');
INSERT INTO Prescript(MED_ID,PH_ID) VALUES ('200104','306');
INSERT INTO Prescript(MED_ID,PH_ID) VALUES ('200105','307');
INSERT INTO Prescript(MED_ID,PH_ID) VALUES ('200106','308');
INSERT INTO Prescript(MED_ID,PH_ID) VALUES ('200107','309');
INSERT INTO Prescript(MED_ID,PH_ID) VALUES ('200108','310');

CREATE TABLE Assist(
   DOC_ID VARCHAR(7)
  ,NUR_ID VARCHAR(7)
);
INSERT INTO Assist(DOC_ID,NUR_ID) VALUES ('101','201');
INSERT INTO Assist(DOC_ID,NUR_ID) VALUES ('102','202');
INSERT INTO Assist(DOC_ID,NUR_ID) VALUES ('103','203');
INSERT INTO Assist(DOC_ID,NUR_ID) VALUES ('104','204');
INSERT INTO Assist(DOC_ID,NUR_ID) VALUES ('105','205');
INSERT INTO Assist(DOC_ID,NUR_ID) VALUES ('106','206');
INSERT INTO Assist(DOC_ID,NUR_ID) VALUES ('107','207');
INSERT INTO Assist(DOC_ID,NUR_ID) VALUES ('108','208');
INSERT INTO Assist(DOC_ID,NUR_ID) VALUES ('109','209');
INSERT INTO Assist(DOC_ID,NUR_ID) VALUES ('110','210');
INSERT INTO Assist(DOC_ID,NUR_ID) VALUES ('111','201');
INSERT INTO Assist(DOC_ID,NUR_ID) VALUES ('112','202');
INSERT INTO Assist(DOC_ID,NUR_ID) VALUES ('113','203');
INSERT INTO Assist(DOC_ID,NUR_ID) VALUES ('114','204');
INSERT INTO Assist(DOC_ID,NUR_ID) VALUES ('115','205');
INSERT INTO Assist(DOC_ID,NUR_ID) VALUES ('116','206');
INSERT INTO Assist(DOC_ID,NUR_ID) VALUES ('117','207');
INSERT INTO Assist(DOC_ID,NUR_ID) VALUES ('118','208');
INSERT INTO Assist(DOC_ID,NUR_ID) VALUES ('119','209');

CREATE TABLE Contracts(
   DIS_SCNAME VARCHAR(30)
  ,PAT_NAME   VARCHAR(20)
);
INSERT INTO Contracts(DIS_SCNAME,PAT_NAME) VALUES ('Panic disoerder','Thanakrit');
INSERT INTO Contracts(DIS_SCNAME,PAT_NAME) VALUES ('Cold','Patawee');
INSERT INTO Contracts(DIS_SCNAME,PAT_NAME) VALUES ('Allergy','Naruedon');
INSERT INTO Contracts(DIS_SCNAME,PAT_NAME) VALUES ('Cold','Purit');
INSERT INTO Contracts(DIS_SCNAME,PAT_NAME) VALUES ('Allergy','Pongpeera');
INSERT INTO Contracts(DIS_SCNAME,PAT_NAME) VALUES ('High Blood Pressure','Somsri');
INSERT INTO Contracts(DIS_SCNAME,PAT_NAME) VALUES ('High Blood Pressure','Somchai');
INSERT INTO Contracts(DIS_SCNAME,PAT_NAME) VALUES ('Diabetes','Somsuk');
INSERT INTO Contracts(DIS_SCNAME,PAT_NAME) VALUES ('Psychosis','Srisupa');
INSERT INTO Contracts(DIS_SCNAME,PAT_NAME) VALUES ('Allergy','Nopparut');
INSERT INTO Contracts(DIS_SCNAME,PAT_NAME) VALUES ('Cancer','Sanluck');
INSERT INTO Contracts(DIS_SCNAME,PAT_NAME) VALUES ('Diabetes','Chatchai');
INSERT INTO Contracts(DIS_SCNAME,PAT_NAME) VALUES ('Hiv','Yongyut');
INSERT INTO Contracts(DIS_SCNAME,PAT_NAME) VALUES ('High Blood Pressure','Pranalee');
INSERT INTO Contracts(DIS_SCNAME,PAT_NAME) VALUES ('Allergy','Napasorn');
INSERT INTO Contracts(DIS_SCNAME,PAT_NAME) VALUES ('heart failure','Sommai');
INSERT INTO Contracts(DIS_SCNAME,PAT_NAME) VALUES ('coronary heart disease','Srinuan');
INSERT INTO Contracts(DIS_SCNAME,PAT_NAME) VALUES ('cardiac arrhythmias','Suda');
INSERT INTO Contracts(DIS_SCNAME,PAT_NAME) VALUES ('Tuberculosis','Prasert');
INSERT INTO Contracts(DIS_SCNAME,PAT_NAME) VALUES ('Cold','Kongkaid');
INSERT INTO Contracts(DIS_SCNAME,PAT_NAME) VALUES ('Psychosis','Palida');
INSERT INTO Contracts(DIS_SCNAME,PAT_NAME) VALUES ('Diabetes','Longaporn');
INSERT INTO Contracts(DIS_SCNAME,PAT_NAME) VALUES ('Tuberculosis','Roungdow');
INSERT INTO Contracts(DIS_SCNAME,PAT_NAME) VALUES ('Hiv','Kittipad');
INSERT INTO Contracts(DIS_SCNAME,PAT_NAME) VALUES ('Cancer','Nusdee');
INSERT INTO Contracts(DIS_SCNAME,PAT_NAME) VALUES ('High Blood Pressure','Neaya');
INSERT INTO Contracts(DIS_SCNAME,PAT_NAME) VALUES ('heart failure','Pongsit');
INSERT INTO Contracts(DIS_SCNAME,PAT_NAME) VALUES ('cardiac arrhythmias','Manut');
INSERT INTO Contracts(DIS_SCNAME,PAT_NAME) VALUES ('Allergy','Sornya');

CREATE TABLE Disease(
   DIS_SCNAME   VARCHAR(30) PRIMARY KEY
  ,DIS_SEVERITY VARCHAR(10)
  ,DIS_CARRIER  VARCHAR(100)
  ,DIS_CURE     VARCHAR(100)
  ,DIS_NAME     VARCHAR(30)
  ,DIS_CAUSE    VARCHAR(100)
  ,DIS_FRATE    VARCHAR(4)
  ,DIS_SYMPTOM  VARCHAR(100)
  ,DIS_INFECT   CHAR(1)
);
INSERT INTO Disease(DIS_SCNAME,DIS_SEVERITY,DIS_CARRIER,DIS_CURE,DIS_NAME,DIS_CAUSE,DIS_FRATE,DIS_SYMPTOM,DIS_INFECT) VALUES ('Diabetes','High','-','Medicine','Diabetes','Sugar','20%','Dry mouth','F');
INSERT INTO Disease(DIS_SCNAME,DIS_SEVERITY,DIS_CARRIER,DIS_CURE,DIS_NAME,DIS_CAUSE,DIS_FRATE,DIS_SYMPTOM,DIS_INFECT) VALUES ('Hiv','Meduim','-','Medicine','Hiv','Bacteria','70%','Swollen lymph nodes','T');
INSERT INTO Disease(DIS_SCNAME,DIS_SEVERITY,DIS_CARRIER,DIS_CURE,DIS_NAME,DIS_CAUSE,DIS_FRATE,DIS_SYMPTOM,DIS_INFECT) VALUES ('High Blood Pressure','Meduim','-','Medicine','High Blood Pressure','Fat','20%','dizzy','F');
INSERT INTO Disease(DIS_SCNAME,DIS_SEVERITY,DIS_CARRIER,DIS_CURE,DIS_NAME,DIS_CAUSE,DIS_FRATE,DIS_SYMPTOM,DIS_INFECT) VALUES ('Allergy','Meduim','-','Medicine','Allergy','Body','5%','cough','F');
INSERT INTO Disease(DIS_SCNAME,DIS_SEVERITY,DIS_CARRIER,DIS_CURE,DIS_NAME,DIS_CAUSE,DIS_FRATE,DIS_SYMPTOM,DIS_INFECT) VALUES ('heart failure','High','-',NULL,'heart failure','Fat','80%','chest ache','F');
INSERT INTO Disease(DIS_SCNAME,DIS_SEVERITY,DIS_CARRIER,DIS_CURE,DIS_NAME,DIS_CAUSE,DIS_FRATE,DIS_SYMPTOM,DIS_INFECT) VALUES ('coronary heart disease','Meduim','-',NULL,'coronary heart disease','Fat','80%','chest ache','F');
INSERT INTO Disease(DIS_SCNAME,DIS_SEVERITY,DIS_CARRIER,DIS_CURE,DIS_NAME,DIS_CAUSE,DIS_FRATE,DIS_SYMPTOM,DIS_INFECT) VALUES ('cardiac arrhythmias','Low','-',NULL,'cardiac arrhythmias','Fat','80%','chest ache','F');
INSERT INTO Disease(DIS_SCNAME,DIS_SEVERITY,DIS_CARRIER,DIS_CURE,DIS_NAME,DIS_CAUSE,DIS_FRATE,DIS_SYMPTOM,DIS_INFECT) VALUES ('Tuberculosis','High','-',NULL,'Tuberculosis','Mouse','30%','cough','F');
INSERT INTO Disease(DIS_SCNAME,DIS_SEVERITY,DIS_CARRIER,DIS_CURE,DIS_NAME,DIS_CAUSE,DIS_FRATE,DIS_SYMPTOM,DIS_INFECT) VALUES ('Cold','Low','Bacteria','Medicine','Cold','Wheather','1%','fever','T');
INSERT INTO Disease(DIS_SCNAME,DIS_SEVERITY,DIS_CARRIER,DIS_CURE,DIS_NAME,DIS_CAUSE,DIS_FRATE,DIS_SYMPTOM,DIS_INFECT) VALUES ('Psychosis','High','-','Medicine','Psychosis','Mental','0%','scare','F');
